{"cameraMode":{"drawMode":0,"name":"Shaded","section":"Shading Mode"},"sceneLighting":true,"audioPlay":false,"sceneViewState":{"m_AlwaysRefresh":false,"showFog":true,"showSkybox":true,"showFlares":true,"showImageEffects":true,"showParticleSystems":true,"showVisualEffectGraphs":true,"m_FxEnabled":true},"in2DMode":false,"pivot":{"x":-2.6767356395721437,"y":-6.981846332550049,"z":4.651365280151367},"rotation":{"x":0.007287540938705206,"y":-0.40859124064445498,"z":0.0028326932806521656,"w":0.9127967953681946},"size":5.196152687072754,"orthographic":false}