{"cameraMode":{"drawMode":0,"name":"Shaded","section":"Shading Mode"},"sceneLighting":false,"audioPlay":false,"sceneViewState":{"m_AlwaysRefresh":false,"showFog":true,"showSkybox":false,"showFlares":true,"showImageEffects":true,"showParticleSystems":true,"showVisualEffectGraphs":true,"m_FxEnabled":true},"in2DMode":false,"pivot":{"x":-2.499579429626465,"y":2.727792978286743,"z":-2.5000030994415285},"rotation":{"x":0.07059457153081894,"y":0.06633088737726212,"z":-0.004697759635746479,"w":0.9953008890151978},"size":4.465285778045654,"orthographic":false}